team_name,season,wins,losses,sos,points_for,points_against,AP_preseason,fg_pct,3pt_pct,ft_pct,opp_fg_pct,opp_3pt_pct,opp_ft_pct,O_reb,D_reb,opp_O_reb,opp_D_reb,turnover,opp_turnover,ppg,opp_ppg,OUTCOME
Akron,2012-13,26,7,0.18,71.8,62.8,None,58,60,168,119,18,175,86,85,288,138,278,101,72,134,Lost Second Round
Akron,2010-11,23,13,-1.02,70.1,65.7,None,183,187,274,98,69,282,23,104,262,251,241,74,129,95,Lost Second Round
Alabama,2011-12,21,12,7.18,64.7,58.1,19,99,326,123,5,37,87,22,30,334,253,324,10,229,8,Lost Second Round
Alabama State,2010-11,17,18,-10.31,61.3,63.8,None,305,249,313,193,215,77,102,253,65,118,305,91,266,107,Lost First Round
Alabama Birmingham,2014-15,20,16,1.62,68.8,68.1,None,302,334,305,68,40,35,6,51,234,157,182,298,103,184,Lost Third Round
Alabama Birmingham,2010-11,22,9,2.78,68.4,62.6,None,229,291,155,54,49,305,71,80,76,182,207,102,221,20,Lost First Round
Albany Ny,2014-15,24,9,-5.18,65.3,60.5,None,181,103,19,90,212,306,202,82,112,106,260,181,292,39,Lost Second Round
Albany Ny,2013-14,19,15,-5.22,65.9,63.9,None,161,51,43,166,141,19,193,85,87,154,267,167,254,40,Lost Second Round
Albany Ny,2012-13,24,11,-4.53,64.3,60.7,None,120,79,19,300,305,43,81,137,218,148,149,152,74,233,Lost Second Round
American,2013-14,20,13,-3.25,63.1,59.1,None,267,68,119,234,347,90,321,261,8,40,31,345,337,104,Lost Second Round
Arizona State,2013-14,21,12,7.41,75.3,69.4,None,50,138,299,90,181,341,213,20,283,320,212,173,66,195,Lost Second Round
Arizona,2015-16,25,9,7.23,80.4,68.9,12,5,94,84,43,138,203,52,6,40,235,220,15,22,19,Lost First Round
Arizona,2014-15,34,4,7.41,76.6,59.7,2,48,87,302,4,57,283,18,5,229,279,137,44,109,6,Lost Regional Final
Arizona,2013-14,33,5,9.04,72.9,58.6,6,64,50,22,93,269,275,101,39,75,120,243,102,42,100,Lost Regional Final
Arizona,2012-13,27,8,7.47,73.4,63.6,12,146,39,118,43,3,55,195,32,245,259,173,205,142,62,Lost Regional Semifinal
Arizona,2010-11,30,8,7.99,76.4,67.9,None,128,96,36,208,51,207,291,151,135,100,164,263,105,271,Lost Regional Final
Arkansas,2014-15,27,9,6.79,77.4,70.1,None,184,91,76,48,195,169,70,104,346,333,153,4,17,214,Lost Third Round
Arkansas Little Rock,2015-16,30,5,-1.76,71.1,60.8,None,270,171,125,247,304,85,206,224,141,292,12,153,123,276,Lost Second Round
Arkansas Little Rock,2010-11,19,17,-2.97,68.3,67.4,None,218,60,146,228,244,223,307,210,107,112,70,322,203,290,Lost First Round
Austin Peay,2015-16,18,18,-2.98,76.1,76.8,None,322,322,265,336,340,331,115,307,17,178,246,142,246,314,Lost First Round
Baylor,2015-16,22,12,9.76,77.1,69.6,22,181,53,244,58,12,8,5,75,265,30,260,180,128,33,Lost First Round
Baylor,2014-15,24,10,9.33,69.1,60.2,None,106,31,243,117,241,63,4,18,333,186,278,194,70,115,Lost Second Round
Baylor,2013-14,26,12,10.11,74.8,67.8,25,48,104,186,73,57,149,28,12,342,315,193,81,21,165,Lost Regional Semifinal
Baylor,2011-12,30,8,8.03,74.7,65.3,12,38,167,161,99,191,141,185,220,89,4,295,121,151,62,Lost Regional Final
Belmont,2014-15,22,11,-2.77,74.2,70.6,None,3,17,44,283,217,170,260,116,293,214,312,16,20,277,Lost Second Round
Belmont,2012-13,26,7,-0.96,76.8,64.5,None,16,37,44,162,156,31,83,59,291,207,153,66,4,188,Lost Second Round
Belmont,2011-12,27,8,-1.22,80.9,67.5,None,47,32,48,53,136,106,25,99,243,188,285,1,12,34,Lost Second Round
Belmont,2010-11,30,5,-4.42,79.7,62.2,None,87,164,225,80,29,111,163,129,264,59,316,158,82,187,Lost Second Round
Boise State,2014-15,25,9,1.38,70.3,60.1,None,99,66,21,226,197,198,141,138,10,145,31,181,49,146,Lost First Round
Boise State,2012-13,21,11,5.27,73.2,65.5,None,202,172,174,286,320,80,240,269,1,59,22,245,167,153,Lost First Round
Boston University,2010-11,21,14,-3.85,64.9,63.5,None,286,81,57,71,81,109,108,25,264,344,265,51,99,185,Lost Second Round
Brigham Young,2014-15,25,10,5.02,83.7,73.2,None,69,127,197,138,153,259,19,8,270,337,160,87,3,328,Lost First Round
Brigham Young,2013-14,23,12,5.72,83.7,77.3,None,57,180,60,136,146,74,38,9,215,341,174,64,12,249,Lost Second Round
Brigham Young,2011-12,26,9,1.55,77.9,67.4,None,102,92,10,77,81,147,59,4,265,343,93,25,7,172,Lost Second Round
Brigham Young,2010-11,32,5,5.76,81.4,67.9,24,12,2,1,58,128,149,174,9,200,292,104,14,2,127,Lost Regional Semifinal
Bucknell,2012-13,28,6,-1.96,67.0,57.8,None,62,16,4,25,174,273,260,14,19,140,117,297,149,36,Lost Second Round
Bucknell,2010-11,25,9,-3.87,70.2,63.9,None,284,231,45,173,336,313,238,234,62,173,18,259,219,170,Lost Second Round
Buffalo,2015-16,20,15,0.90,77.4,75.3,None,169,187,80,133,109,42,46,69,241,266,87,77,30,229,Lost First Round
Buffalo,2014-15,23,10,1.60,74.6,68.3,None,147,214,134,106,32,85,172,264,112,12,74,221,90,103,Lost Second Round
Butler,2015-16,22,11,7.55,79.9,71.0,24,190,121,201,99,26,114,58,79,34,207,76,121,134,43,Lost Second Round
Butler,2014-15,23,11,8.62,69.0,61.0,None,241,279,298,236,26,129,209,244,22,186,9,261,241,80,Lost Third Round
Butler,2012-13,27,9,6.08,69.3,63.9,None,293,335,296,66,28,88,21,56,115,324,289,48,267,29,Lost Third Round
Butler,2010-11,28,10,5.02,71.2,64.1,17,133,176,27,90,60,122,205,30,94,286,220,27,180,9,Lost National Final
Cal Poly,2013-14,14,20,1.69,63.0,63.6,None,220,40,70,312,273,197,215,299,10,96,1,276,238,83,Lost Second Round
Cal State Bakersfield,2015-16,24,9,-5.15,72.9,63.8,None,258,204,71,88,282,200,128,149,22,73,183,202,272,49,Lost First Round
Chattanooga,2015-16,29,6,-3.46,75.8,67.5,None,85,149,207,166,186,137,122,204,204,103,217,121,51,178,Lost First Round
Cincinnati,2015-16,22,11,5.25,73.3,63.3,None,102,233,252,15,63,14,101,120,278,10,257,182,300,6,Lost First Round
Cincinnati,2014-15,23,11,4.40,62.1,55.8,None,262,215,148,19,59,58,21,195,222,59,105,31,247,4,Lost Third Round
Cincinnati,2013-14,27,7,5.28,68.4,58.4,None,305,276,304,14,34,38,10,58,216,206,174,125,198,22,Lost Second Round
Cincinnati,2012-13,22,12,6.93,66.5,59.0,24,244,179,304,68,82,130,14,65,331,337,86,52,171,40,Lost Second Round
Cincinnati,2011-12,26,11,6.28,68.2,61.5,21,160,197,245,58,58,224,24,129,161,143,83,71,164,9,Lost Regional Semifinal
Cincinnati,2010-11,26,9,6.10,68.9,59.6,None,208,332,317,79,170,172,12,33,189,254,225,222,176,131,Lost Third Round
Clemson,2010-11,22,12,6.58,68.5,61.4,None,78,175,267,118,10,125,71,154,223,136,274,19,76,72,Lost Second Round
Coastal Carolina,2014-15,24,10,-6.18,71.7,62.4,None,202,200,199,31,65,142,33,33,239,261,329,89,127,129,Lost Second Round
Coastal Carolina,2013-14,21,13,-6.31,72.3,68.4,None,133,293,286,100,204,165,84,286,44,5,116,148,185,90,Lost Second Round
Colorado,2015-16,22,12,7.64,75.8,70.8,None,164,207,101,138,233,252,73,48,163,185,291,242,137,221,Lost First Round
Colorado,2013-14,23,12,8.80,70.2,68.2,None,175,149,204,52,83,170,127,66,227,161,189,192,165,98,Lost Second Round
Colorado,2012-13,21,12,7.95,67.6,63.6,None,121,148,172,36,95,14,190,9,204,293,258,155,187,70,Lost Second Round
Colorado,2011-12,24,12,5.73,67.5,63.0,None,19,51,5,257,280,246,31,13,328,292,194,49,13,297,Lost Third Round
Colorado State,2012-13,26,9,5.89,72.9,63.7,None,32,7,6,194,234,242,312,179,61,29,96,271,120,206,Lost Third Round
Colorado State,2011-12,20,12,5.23,70.1,68.0,None,34,219,172,160,126,222,236,160,113,93,211,158,102,170,Lost Second Round
Connecticut,2015-16,25,11,6.28,73.1,63.5,20,150,124,116,35,123,128,203,64,257,210,170,232,263,25,Lost Second Round
Connecticut,2013-14,32,8,8.63,71.8,63.2,18,119,168,34,60,65,154,311,241,295,55,37,226,111,139,Won National Final
Connecticut,2011-12,20,14,8.07,68.7,64.5,4,185,240,11,11,79,110,1,1,345,338,246,96,75,84,Lost Second Round
Connecticut,2010-11,32,9,10.44,72.4,64.9,None,91,295,171,16,58,253,29,37,340,128,311,225,147,135,Won National Final
Creighton,2013-14,27,8,7.17,78.7,67.9,None,2,2,9,76,56,103,279,10,194,140,203,281,30,84,Lost Third Round
Creighton,2012-13,28,8,5.16,74.4,63.2,16,2,3,58,223,268,85,237,11,102,154,129,309,9,244,Lost Third Round
Creighton,2011-12,29,6,3.41,79.2,69.7,None,55,60,58,185,193,102,144,5,222,300,253,303,167,91,Lost Third Round
Davidson,2014-15,24,8,3.19,79.0,69.4,None,21,56,120,317,245,211,250,200,40,220,108,152,28,255,Lost Second Round
Davidson,2012-13,26,8,-3.45,73.2,62.1,None,119,208,12,149,170,61,61,47,71,194,58,221,14,201,Lost Second Round
Davidson,2011-12,25,8,-1.68,77.9,67.8,None,182,175,52,178,128,236,62,110,77,176,247,188,72,200,Lost Second Round
Dayton,2015-16,25,8,4.76,72.5,65.9,None,58,116,204,112,81,85,328,52,180,316,206,33,165,41,Lost First Round
Dayton,2014-15,27,9,4.06,67.8,60.8,None,64,54,240,172,115,228,58,50,183,267,280,61,132,90,Lost Third Round
Dayton,2013-14,26,11,5.34,72.2,67.0,None,17,20,96,207,253,239,197,238,63,13,223,169,64,176,Lost Regional Final
Delaware,2013-14,25,10,-1.10,79.5,75.7,None,222,296,14,96,210,98,121,59,299,204,135,317,133,234,Lost Second Round
Detroit Mercy,2011-12,22,14,-0.01,72.1,67.6,None,42,129,192,144,124,117,88,63,307,71,325,96,43,283,Lost Second Round
Duke,2015-16,25,11,10.59,81.1,72.5,5,3,30,148,126,42,169,20,4,333,274,227,37,6,111,Lost Regional Semifinal
Duke,2014-15,35,4,9.87,79.3,64.2,4,81,15,71,270,22,137,44,159,194,211,22,120,29,105,Won National Final
Duke,2013-14,26,9,8.48,78.4,67.4,4,19,6,39,115,9,317,214,50,308,303,60,55,11,136,Lost Second Round
Duke,2012-13,30,6,9.54,77.2,65.3,8,79,58,132,182,67,158,71,66,282,212,114,172,16,224,Lost Regional Final
Duke,2011-12,27,7,8.40,77.3,68.6,6,23,48,25,39,66,15,32,9,338,296,201,16,9,81,Lost Second Round
Duke,2010-11,32,5,8.32,80.9,64.7,1,136,27,8,39,2,169,2,7,332,322,179,12,28,28,Lost Regional Semifinal
Eastern Kentucky,2013-14,24,10,-4.34,78.7,70.9,None,32,99,2,288,62,334,264,309,268,211,126,5,36,153,Lost Second Round
Eastern Washington,2014-15,26,9,-3.84,80.6,73.9,None,115,69,193,222,186,204,236,123,112,157,93,323,50,299,Lost Second Round
Fairleigh Dickinson,2015-16,18,15,-8.31,77.5,78.8,None,284,227,171,314,212,169,269,350,268,207,64,54,174,324,Lost First Four
Florida,2013-14,36,3,8.54,69.9,57.8,10,14,28,226,9,46,11,99,31,188,181,126,32,76,3,Lost National Semifinal
Florida,2012-13,29,8,6.83,71.4,54.4,10,54,32,96,131,174,184,58,23,276,304,99,117,28,107,Lost Regional Final
Florida,2011-12,26,11,7.33,75.9,65.0,8,39,128,241,109,22,72,16,14,259,253,217,112,79,53,Lost Regional Final
Florida,2010-11,29,8,7.57,72.1,63.4,9,122,281,124,172,92,129,33,97,252,224,124,125,100,124,Lost Regional Final
Florida Gulf Coast,2015-16,21,14,-3.82,77.2,70.7,None,194,200,276,32,5,72,64,62,289,220,107,270,176,85,Lost First Round
Florida Gulf Coast,2012-13,26,11,-2.07,72.9,66.7,None,82,50,242,178,268,23,158,160,316,91,273,132,76,288,Lost Regional Semifinal
Florida State,2011-12,25,10,7.62,69.8,62.9,None,178,214,253,1,15,183,55,19,286,209,336,38,160,32,Lost Third Round
Florida State,2010-11,23,11,6.45,69.1,62.0,None,80,209,306,1,104,92,91,102,233,24,327,49,192,19,Lost Regional Semifinal
Fresno State,2015-16,25,10,2.24,75.1,70.7,None,211,274,183,188,203,178,294,236,154,225,35,133,231,161,Lost First Round
George Mason,2010-11,27,7,1.37,72.8,62.5,None,154,171,312,147,166,158,179,175,262,158,171,225,218,162,Lost Third Round
George Washington,2013-14,24,9,4.42,73.2,67.0,None,123,339,283,137,277,187,84,227,87,20,283,169,205,144,Lost Second Round
Georgetown,2014-15,22,11,9.81,70.9,65.2,None,83,233,99,94,121,164,220,196,206,66,137,190,179,124,Lost Third Round
Georgetown,2012-13,25,7,7.59,64.7,56.4,None,48,149,148,13,1,108,153,76,190,24,119,193,141,16,Lost Second Round
Georgetown,2011-12,24,9,7.69,69.0,59.4,None,14,125,51,90,149,252,259,169,197,9,169,310,119,121,Lost Third Round
Georgetown,2010-11,21,11,10.39,70.6,66.3,20,4,25,104,96,140,311,243,107,221,37,260,171,73,110,Lost Second Round
Georgia,2014-15,21,12,8.60,68.2,64.4,None,185,155,235,34,56,217,78,62,220,115,287,281,232,84,Lost Second Round
Georgia,2010-11,21,12,6.13,68.7,64.4,None,64,73,81,173,141,339,133,200,151,6,253,308,184,199,Lost Second Round
Georgia State,2014-15,25,10,-2.03,71.4,62.4,None,50,59,3,101,160,76,313,144,324,294,2,73,35,135,Lost Third Round
Gonzaga,2015-16,28,8,4.23,78.9,65.6,9,1,8,181,22,115,47,81,1,320,168,155,130,10,53,Lost Regional Semifinal
Gonzaga,2014-15,35,3,5.12,78.7,61.7,13,5,10,143,22,51,246,202,13,295,209,228,127,44,67,Lost Regional Final
Gonzaga,2013-14,29,7,5.36,76.7,65.9,15,3,49,135,12,133,91,73,32,233,35,79,82,13,31,Lost Third Round
Gonzaga,2012-13,32,3,4.18,77.0,59.9,21,29,34,90,75,42,78,173,54,115,48,166,185,43,76,Lost Third Round
Gonzaga,2011-12,26,7,3.25,73.8,63.2,23,9,57,13,33,292,230,93,15,190,121,262,58,23,111,Lost Third Round
Gonzaga,2010-11,25,10,4.01,76.7,65.9,12,6,121,257,56,111,22,195,15,215,182,192,182,30,156,Lost Third Round
Green Bay,2015-16,23,13,-0.67,83.7,80.0,None,64,339,329,70,102,53,122,112,167,168,122,74,150,40,Lost First Round
Hampton,2015-16,21,11,-8.45,73.8,74.1,None,297,316,307,96,161,133,48,40,301,342,345,30,188,225,Lost First Round
Hampton,2014-15,17,18,-7.08,67.0,68.2,None,290,291,308,22,237,24,94,172,319,245,303,24,107,181,Lost Second Round
Hampton,2010-11,24,9,-8.77,66.6,62.7,None,220,320,214,74,34,4,172,194,302,128,301,45,251,59,Lost Second Round
Harvard,2014-15,22,8,-0.25,64.2,57.6,25,57,36,86,51,67,242,226,212,75,30,74,61,99,14,Lost Second Round
Harvard,2013-14,27,5,-0.47,73.2,61.0,None,16,7,78,235,140,321,344,305,49,7,91,220,149,110,Lost Third Round
Harvard,2012-13,20,10,0.16,68.3,64.1,None,45,104,25,59,155,32,315,183,15,4,40,267,224,4,Lost Third Round
Harvard,2011-12,26,5,-1.56,65.6,55.6,None,16,37,2,180,289,335,322,265,49,2,80,275,97,71,Lost Second Round
Hawaii,2015-16,28,6,-1.04,77.1,66.7,None,154,269,198,94,171,324,44,108,328,325,317,4,48,225,Lost Second Round
Holy Cross,2015-16,15,20,-6.11,64.8,69.9,None,247,193,96,332,310,304,262,342,12,94,14,150,210,195,Lost First Round
Illinois,2012-13,23,13,10.08,68.5,64.8,None,136,313,93,163,322,240,253,206,43,82,153,191,225,93,Lost Third Round
Illinois,2010-11,20,14,11.11,71.0,65.4,13,85,182,100,33,74,213,109,12,273,313,188,195,124,141,Lost Third Round
Indiana,2015-16,27,8,6.90,82.6,69.9,15,47,6,83,297,83,102,59,99,260,149,129,276,18,299,Lost Regional Semifinal
Indiana,2014-15,20,14,7.20,77.4,71.7,None,141,177,65,65,12,272,91,69,112,18,336,199,129,106,Lost Second Round
Indiana,2012-13,29,7,8.38,78.6,62.1,1,5,2,11,142,205,232,116,54,276,79,245,92,18,159,Lost Regional Semifinal
Indiana,2011-12,27,9,7.80,77.3,66.4,None,53,165,68,183,283,232,231,254,66,75,126,227,149,184,Lost Regional Semifinal
Indiana State,2010-11,20,14,2.90,66.3,64.5,None,237,132,2,85,144,69,312,132,233,195,67,312,246,120,Lost Second Round
Iona,2015-16,22,11,-1.78,79.6,74.3,None,50,13,140,144,245,209,168,26,348,332,243,165,5,320,Lost First Round
Iona,2012-13,20,14,-0.02,80.4,76.3,None,3,22,95,264,232,202,182,112,241,172,109,40,1,301,Lost Second Round
Iona,2011-12,25,8,-1.82,82.9,72.7,None,13,44,280,234,253,139,38,21,237,331,251,19,14,223,Lost First Round
Iowa,2015-16,22,11,8.71,77.6,69.3,None,198,213,24,39,91,187,39,63,250,193,81,158,109,63,Lost Second Round
Iowa,2014-15,22,12,8.39,69.8,62.3,None,66,150,49,77,49,216,26,44,206,119,88,91,10,185,Lost Third Round
Iowa,2013-14,20,13,7.43,81.5,70.3,None,247,305,53,27,15,241,6,6,330,332,281,56,106,76,Lost First Round
Iowa State,2015-16,23,12,10.16,81.8,75.0,7,22,86,156,104,204,341,226,30,268,298,71,96,15,246,Lost Regional Semifinal
Iowa State,2014-15,25,9,9.15,77.8,69.0,14,30,111,193,95,163,326,133,2,305,347,116,136,5,288,Lost Second Round
Iowa State,2013-14,28,8,9.88,83.0,74.4,None,62,42,52,175,51,314,51,22,216,277,249,108,3,277,Lost Regional Semifinal
Iowa State,2012-13,23,12,6.13,79.4,71.0,None,109,54,191,205,28,211,145,38,74,233,126,249,52,181,Lost Third Round
Iowa State,2011-12,23,11,7.32,73.2,67.2,None,164,64,87,112,141,158,200,87,277,314,83,117,40,250,Lost Third Round
James Madison,2012-13,21,15,-2.28,65.2,64.6,None,240,69,259,203,271,143,251,251,287,246,109,172,212,250,Lost Second Round
Kansas,2015-16,33,5,11.22,81.3,67.6,4,138,47,67,36,47,64,37,16,338,262,313,150,78,132,Lost Regional Final
Kansas,2014-15,27,9,12.13,71.1,64.8,5,7,188,138,79,255,71,55,25,243,44,312,186,23,178,Lost Third Round
Kansas,2013-14,25,10,11.40,79.0,70.1,5,9,65,44,1,31,135,89,2,333,227,329,97,24,55,Lost Third Round
Kansas,2012-13,31,6,7.54,75.2,61.9,7,31,157,171,3,159,304,31,3,315,316,317,30,48,44,Lost Regional Semifinal
Kansas,2011-12,32,7,9.93,73.5,61.7,13,1,28,215,13,8,331,28,3,271,232,316,21,8,80,Lost National Final
Kansas,2010-11,35,3,7.62,81.2,64.7,7,8,7,143,4,118,166,21,6,326,165,252,68,5,64,Lost Regional Final
Kansas State,2013-14,20,13,8.47,69.1,65.4,None,158,69,207,127,72,140,16,160,240,154,103,64,132,36,Lost Second Round
Kansas State,2012-13,27,8,6.53,69.0,60.4,None,143,210,245,55,94,158,18,163,260,53,268,43,98,90,Lost Second Round
Kansas State,2011-12,22,11,7.53,71.0,64.1,None,156,43,283,114,225,265,7,118,157,93,306,31,67,115,Lost Third Round
Kansas State,2010-11,23,11,8.41,72.9,66.1,3,86,91,242,106,164,231,4,37,320,307,329,2,12,215,Lost Third Round
Kentucky,2015-16,27,9,8.84,79.5,68.1,2,39,152,54,1,3,31,6,4,351,163,178,13,31,3,Lost Second Round
Kentucky,2014-15,38,1,8.67,74.4,54.3,1,118,230,238,59,67,126,1,1,337,244,334,113,71,81,Lost National Semifinal
Kentucky,2013-14,29,11,9.90,74.8,66.6,1,15,140,315,30,104,300,127,51,281,87,168,257,55,117,Lost National Final
Kentucky,2011-12,38,2,7.93,77.4,60.6,2,59,9,111,15,60,321,33,6,318,320,97,129,39,54,Won National Final
Kentucky,2010-11,29,9,8.91,74.9,63.5,11,17,227,243,3,48,174,6,1,344,254,336,26,17,81,Lost National Semifinal
La Salle,2012-13,24,10,4.46,72.1,66.4,None,53,4,68,104,58,322,266,97,309,296,198,28,60,146,Lost Regional Semifinal
Lafayette,2014-15,20,13,-3.12,73.5,73.0,None,41,8,28,327,307,315,329,322,144,35,131,247,164,292,Lost Second Round
Lamar,2011-12,23,12,-3.77,73.5,65.6,None,193,95,193,215,88,78,17,151,174,251,233,51,5,323,Lost First Round
Lehigh,2011-12,27,8,-5.14,75.7,65.4,None,272,247,22,163,262,128,205,124,187,247,87,110,56,274,Lost Third Round
Liberty,2012-13,15,21,-5.80,69.1,70.0,None,91,280,97,294,222,148,190,167,126,111,53,283,151,276,Lost First Round
Long Beach State,2011-12,25,9,0.87,73.8,64.0,None,117,174,234,253,93,79,78,55,134,289,296,117,61,249,Lost Second Round
Long Island University,2012-13,20,14,-5.80,78.7,76.1,None,26,56,49,258,106,193,90,24,338,210,336,112,2,337,Lost First Round
Long Island University,2011-12,25,9,-5.10,81.4,77.7,None,46,93,303,194,7,33,12,23,315,270,313,65,4,311,Lost Second Round
Long Island University,2010-11,27,6,-5.77,82.7,74.7,None,314,149,165,187,252,64,64,124,196,238,171,271,152,262,Lost Second Round
Louisiana State,2014-15,22,11,5.63,73.4,67.7,None,162,184,273,76,267,185,30,41,323,302,314,101,73,210,Lost Second Round
Louisiana Lafayette,2013-14,23,12,-0.28,81.0,75.2,None,201,165,247,197,237,194,171,151,313,327,262,58,86,316,Lost Second Round
Louisville,2014-15,27,9,8.98,69.0,59.8,8,38,73,296,20,2,81,7,38,335,319,150,1,13,15,Lost Regional Final
Louisville,2013-14,31,6,4.80,81.0,61.1,3,62,214,119,36,70,21,2,13,346,326,311,1,29,21,Lost Regional Semifinal
Louisville,2012-13,35,5,9.13,74.5,58.8,2,237,274,192,6,22,48,7,4,343,343,341,3,170,32,Won National Final
Louisville,2011-12,30,10,9.02,68.2,61.0,9,89,87,261,12,25,190,39,60,336,288,235,12,38,74,Lost National Semifinal
Louisville,2010-11,25,10,8.20,74.9,64.5,None,100,194,128,164,206,244,16,190,309,113,216,64,41,214,Lost Second Round
Loyola Md,2011-12,24,9,-2.72,67.3,64.2,None,273,194,127,275,157,167,112,293,49,28,73,246,214,148,Lost Second Round
Manhattan,2014-15,19,14,-3.34,69.7,67.7,None,130,71,286,50,89,182,56,102,314,231,322,17,39,174,Lost First Round
Manhattan,2013-14,25,8,-0.90,77.0,70.0,None,291,194,271,61,231,168,236,266,119,67,327,100,334,32,Lost Second Round
Marquette,2012-13,26,9,8.58,68.1,62.6,None,94,200,72,32,60,132,61,58,337,280,241,9,32,136,Lost Regional Final
Marquette,2011-12,27,8,7.50,75.4,65.9,22,39,149,159,214,254,35,23,42,320,282,222,42,36,205,Lost Regional Semifinal
Marquette,2010-11,22,15,8.51,75.2,68.8,None,66,4,25,274,93,143,223,203,161,186,15,88,83,74,Lost Regional Semifinal
Maryland,2015-16,27,9,8.31,75.7,66.7,3,141,56,14,29,59,32,246,27,313,213,255,225,131,87,Lost Regional Semifinal
Maryland,2014-15,28,7,7.63,69.1,63.4,None,241,182,244,83,164,66,113,108,118,172,198,158,182,110,Lost Third Round
Massachusetts,2013-14,24,9,6.00,75.8,71.2,None,172,195,89,140,103,273,118,79,298,259,281,155,48,294,Lost Second Round
Memphis,2013-14,24,10,7.14,76.9,70.5,13,21,46,277,65,131,81,31,27,307,239,330,21,28,127,Lost Third Round
Memphis,2012-13,31,5,2.70,74.5,64.9,17,6,86,88,10,44,198,234,46,320,127,203,83,37,72,Lost Third Round
Memphis,2011-12,26,9,5.26,74.7,63.1,11,95,243,208,83,101,124,56,77,332,228,333,36,78,186,Lost Second Round
Memphis,2010-11,25,10,3.14,72.1,68.3,19,54,20,155,108,107,234,195,176,295,186,48,50,45,99,Lost Second Round
Mercer,2013-14,27,9,-3.42,78.8,66.9,None,165,97,16,38,153,23,197,94,272,211,235,42,214,29,Lost Third Round
Miami Fl,2015-16,27,8,10.69,75.2,67.4,None,214,108,22,118,75,27,106,15,296,344,104,158,151,86,Lost Regional Semifinal
Miami Fl,2012-13,29,7,7.88,69.7,60.6,None,194,138,75,123,100,120,143,134,248,228,45,167,106,143,Lost Regional Semifinal
Michigan State,2015-16,29,6,6.94,79.8,64.1,13,46,32,336,36,44,321,29,2,274,335,276,162,81,95,Lost First Round
Michigan State,2014-15,27,12,10.00,71.1,63.6,18,30,20,152,21,112,320,62,4,253,308,278,77,59,63,Lost National Semifinal
Michigan State,2013-14,29,9,9.38,75.5,65.6,2,51,177,106,22,21,44,54,13,179,129,305,140,157,25,Lost Regional Final
Michigan State,2012-13,27,9,10.55,68.0,59.1,14,18,91,141,2,15,238,47,5,198,159,278,114,86,15,Lost Regional Semifinal
Michigan State,2011-12,29,8,9.82,71.6,59.3,None,193,113,143,122,281,37,73,52,148,228,222,231,170,125,Lost Regional Semifinal
Michigan State,2010-11,19,15,11.67,68.8,66.6,2,31,163,192,50,104,278,13,14,202,146,318,138,108,56,Lost Second Round
Michigan,2015-16,23,13,7.92,73.8,67.4,25,222,96,15,275,187,207,317,269,95,235,4,237,242,102,Lost First Round
Michigan,2013-14,28,9,9.65,73.9,65.1,7,7,18,158,154,108,108,65,11,283,320,39,92,25,86,Lost Regional Final
Michigan,2012-13,31,8,10.05,75.2,63.3,5,83,136,67,153,189,280,285,163,104,172,28,193,208,38,Lost National Final
Michigan,2011-12,24,10,8.98,66.3,61.5,18,108,130,145,155,42,102,311,45,109,310,12,236,236,39,Lost Second Round
Michigan,2010-11,21,14,10.68,66.5,62.5,None,259,320,64,236,69,112,267,300,133,205,4,154,269,33,Lost Third Round
Middle Tennessee,2015-16,25,10,-0.70,72.5,68.9,None,275,101,143,222,231,124,94,83,46,307,320,43,278,68,Lost Second Round
Middle Tennessee,2012-13,28,6,-1.52,70.7,58.1,None,4,70,315,25,70,64,134,81,300,68,265,63,70,60,Lost First Round
Milwaukee,2013-14,21,14,-0.44,70.4,70.5,None,336,278,210,278,85,217,204,236,250,301,231,267,284,272,Lost Second Round
Minnesota,2012-13,21,13,10.31,68.7,62.2,None,56,112,154,83,190,281,43,29,321,200,339,83,182,102,Lost Third Round
Mississippi,2014-15,21,13,7.01,72.8,68.4,None,300,193,183,88,201,123,39,159,333,327,84,55,64,253,Lost Second Round
Mississippi,2012-13,27,9,4.14,77.2,66.9,None,181,282,336,38,220,21,36,56,300,261,289,132,196,148,Lost Third Round
Mississippi Valley State,2011-12,21,13,-7.65,68.6,69.0,None,302,267,253,191,46,191,107,92,194,309,343,79,185,312,Lost First Round
Missouri,2012-13,23,11,6.00,76.1,66.7,15,1,9,8,241,291,91,254,103,245,133,18,72,6,154,Lost Second Round
Missouri,2011-12,30,5,5.68,80.4,66.3,25,63,71,42,212,174,163,52,148,325,298,163,3,10,271,Lost Second Round
Missouri,2010-11,23,11,6.50,80.8,71.6,15,148,66,58,67,59,248,50,153,332,311,151,1,25,119,Lost Second Round
Montana,2012-13,25,7,-4.21,69.9,65.5,None,56,55,87,40,122,220,293,160,157,119,84,97,123,49,Lost Second Round
Montana,2011-12,25,7,-3.39,70.0,62.0,None,44,296,247,22,66,246,255,124,169,79,87,188,221,20,Lost Second Round
Morehead State,2010-11,25,10,-3.13,68.9,61.8,None,94,28,186,165,274,129,11,97,39,118,322,16,109,50,Lost Third Round
Mount St Marys,2013-14,16,17,-4.44,75.9,77.8,None,191,182,169,347,343,44,247,329,68,253,88,36,112,289,Lost First Round
Murray State,2011-12,31,2,-2.60,73.1,60.6,None,60,30,144,186,222,220,209,287,55,13,207,84,177,30,Lost Third Round
Nebraska,2013-14,19,13,8.50,66.8,65.2,None,296,299,183,206,163,73,291,186,112,297,21,295,335,91,Lost Second Round
Nevada Las Vegas,2012-13,25,10,5.71,71.4,63.0,18,77,77,229,61,147,76,68,21,257,315,250,23,26,135,Lost Second Round
Nevada Las Vegas,2011-12,26,9,4.37,76.3,65.9,None,62,237,180,40,96,194,157,129,202,161,113,23,92,47,Lost Second Round
Nevada Las Vegas,2010-11,24,9,6.00,71.6,62.9,None,50,219,86,30,119,273,232,96,168,295,60,25,83,55,Lost Second Round
New Mexico,2013-14,27,7,4.84,74.0,66.1,23,224,109,86,26,220,70,216,35,142,268,99,150,175,39,Lost Second Round
New Mexico,2012-13,29,6,6.63,67.3,60.6,None,60,39,112,7,38,86,93,12,168,159,253,75,61,14,Lost Second Round
New Mexico,2011-12,28,7,3.34,72.7,59.3,None,70,168,102,121,112,41,70,26,131,170,260,112,62,112,Lost Third Round
New Mexico State,2014-15,23,11,-3.67,68.1,59.8,None,12,68,216,27,101,325,39,27,345,61,303,181,38,96,Lost Second Round
New Mexico State,2013-14,26,10,-2.58,77.0,67.1,None,65,283,287,49,147,290,40,36,230,100,319,178,175,59,Lost Second Round
New Mexico State,2012-13,24,11,0.70,67.3,62.1,None,25,247,251,165,85,83,8,18,254,162,331,46,11,215,Lost Second Round
New Mexico State,2011-12,26,10,0.08,78.1,68.3,None,123,226,224,221,70,59,141,127,236,203,293,62,90,238,Lost Second Round
Norfolk State,2011-12,26,10,-5.39,68.9,67.1,None,163,310,216,173,283,211,169,138,265,204,323,219,137,310,Lost Third Round
North Carolina At,2012-13,20,17,-6.30,62.1,61.9,None,248,206,287,91,89,39,137,110,334,304,314,61,125,297,Lost Second Round
North Carolina Central,2013-14,28,6,-8.03,73.9,59.5,None,49,126,47,28,7,4,302,222,85,9,206,60,182,11,Lost Second Round
North Carolina State,2014-15,22,14,9.72,70.1,65.8,None,78,327,307,121,60,258,46,106,343,282,98,145,173,160,Lost Regional Semifinal
North Carolina State,2013-14,22,14,7.44,71.1,69.6,None,4,13,214,128,26,326,93,37,327,158,182,240,9,263,Lost Second Round
North Carolina State,2012-13,24,11,7.17,77.4,70.2,6,72,112,122,97,128,263,26,10,305,296,260,125,59,190,Lost Second Round
North Carolina State,2011-12,24,13,6.80,72.9,67.6,None,144,243,164,128,51,337,88,178,291,123,39,316,115,246,Lost Regional Semifinal
North Carolina,2015-16,33,7,10.69,82.8,70.0,1,23,107,137,43,13,227,2,3,350,258,330,47,16,244,Lost National Final
North Carolina,2014-15,26,12,11.76,77.7,68.8,6,64,207,344,79,50,44,11,54,292,223,193,55,45,165,Lost Regional Semifinal
North Carolina,2013-14,24,10,8.42,76.6,69.8,12,125,36,236,149,221,228,10,34,311,344,199,20,16,242,Lost Third Round
North Carolina,2012-13,25,11,8.01,76.7,69.2,11,69,213,214,23,71,110,1,1,321,340,223,65,3,172,Lost Third Round
North Carolina,2011-12,32,6,7.07,81.3,67.1,1,97,245,235,40,111,32,2,2,335,335,300,29,18,204,Lost Regional Final
North Carolina,2010-11,29,8,10.15,77.5,68.8,8,139,235,281,73,181,227,5,4,343,334,342,57,57,266,Lost Regional Final
North Carolina Asheville,2015-16,22,12,-3.25,75.1,68.0,None,139,110,61,141,117,142,160,166,238,116,270,175,57,278,Lost First Round
North Carolina Asheville,2011-12,24,10,-2.72,80.7,71.4,None,93,256,104,87,141,119,88,93,328,278,313,7,55,197,Lost Second Round
North Carolina Asheville,2010-11,20,14,-2.89,73.7,68.6,None,121,310,226,182,168,107,93,83,310,177,322,171,64,333,Lost Second Round
North Carolina Wilmington,2015-16,25,8,0.35,79.4,72.1,None,125,154,238,146,114,133,148,156,231,239,143,74,105,241,Lost First Round
North Dakota State,2014-15,23,10,-3.63,64.9,62.3,None,1,82,17,104,301,348,271,182,22,14,12,227,60,64,Lost Second Round
North Dakota State,2013-14,26,7,-0.02,75.5,65.6,None,28,84,83,13,69,230,250,65,22,80,47,260,181,9,Lost Third Round
North Florida,2014-15,23,12,-5.94,75.7,68.1,None,175,106,160,272,260,21,116,133,160,126,337,296,121,284,Lost First Round
Northeastern,2014-15,23,12,-1.34,68.5,65.1,None,221,272,330,254,303,88,159,213,78,122,231,278,290,139,Lost Second Round
Northern Colorado,2010-11,21,11,-2.24,71.5,65.8,None,109,24,20,187,266,277,248,143,65,162,101,41,74,137,Lost Second Round
Northern Iowa,2015-16,23,13,4.44,68.8,64.0,None,19,11,44,29,67,281,331,99,80,44,42,225,232,4,Lost Second Round
Northern Iowa,2014-15,31,4,2.00,65.2,54.6,None,133,98,83,203,278,286,319,219,17,172,15,292,112,152,Lost Third Round
Northwestern State,2012-13,23,9,-3.77,80.0,71.4,None,216,301,332,156,112,1,74,158,339,298,263,33,111,252,Lost Second Round
Notre Dame,2015-16,24,12,9.57,75.1,70.6,19,2,24,27,164,89,291,251,23,339,287,33,138,14,147,Lost Regional Final
Notre Dame,2014-15,32,6,7.02,78.0,65.8,None,104,113,109,249,340,349,199,232,75,86,16,294,139,196,Lost Regional Final
Notre Dame,2012-13,25,10,7.22,70.0,63.5,22,173,225,121,78,51,250,201,107,248,251,9,296,206,43,Lost Second Round
Notre Dame,2011-12,22,12,6.47,66.4,61.7,None,54,23,76,52,232,277,148,26,222,148,26,323,35,99,Lost Second Round
Notre Dame,2010-11,27,7,8.43,75.2,65.5,None,34,22,62,192,215,345,96,63,200,177,21,320,47,184,Lost Third Round
Oakland,2010-11,25,10,0.10,85.5,76.9,None,95,254,76,281,177,95,17,46,223,260,284,135,34,257,Lost Second Round
Ohio,2011-12,29,8,0.17,70.2,62.5,None,177,119,93,260,239,205,44,63,275,321,257,21,44,288,Lost Regional Semifinal
Ohio State,2014-15,24,11,7.37,75.3,63.0,20,136,273,206,44,7,254,193,73,187,297,160,22,217,12,Lost Third Round
Ohio State,2013-14,25,10,8.12,69.5,59.8,11,80,94,126,39,102,292,107,24,198,306,66,64,103,30,Lost Second Round
Ohio State,2012-13,29,8,9.32,70.2,59.4,4,20,215,107,47,92,219,22,6,99,311,237,9,36,18,Lost Regional Final
Ohio State,2011-12,31,8,9.07,74.7,59.8,3,2,1,138,132,164,339,62,50,126,188,37,13,19,10,Lost National Semifinal
Ohio State,2010-11,34,3,8.38,77.1,59.7,4,5,18,153,66,155,287,232,28,202,273,124,27,66,32,Lost Regional Semifinal
Oklahoma,2015-16,29,8,11.14,79.7,71.1,8,173,176,29,11,55,20,87,14,335,319,220,47,72,71,Lost National Semifinal
Oklahoma,2014-15,24,11,9.94,71.5,62.7,19,148,50,20,181,172,275,87,70,229,305,101,118,8,308,Lost Regional Semifinal
Oklahoma,2013-14,23,10,8.97,81.9,76.0,None,165,247,11,124,124,183,133,124,207,180,49,200,91,163,Lost Second Round
Oklahoma,2012-13,20,12,7.09,70.6,66.3,None,168,130,55,167,165,297,77,187,119,84,77,193,140,220,Lost Second Round
Oklahoma State,2014-15,18,14,9.63,67.5,62.8,None,71,83,106,54,93,107,233,52,314,323,52,34,16,161,Lost Second Round
Oklahoma State,2013-14,21,13,8.34,80.2,69.6,9,133,276,26,20,95,137,171,67,242,215,119,69,62,79,Lost Second Round
Oklahoma State,2012-13,24,9,6.73,71.8,63.0,None,222,218,38,151,56,158,314,121,288,319,74,201,195,209,Lost Second Round
Old Dominion,2010-11,27,7,1.76,65.6,58.4,None,98,266,295,43,19,62,7,54,191,140,221,54,216,6,Lost Second Round
Oregon,2015-16,31,7,8.64,78.7,68.8,None,52,86,12,129,108,191,119,22,330,312,227,172,25,288,Lost Regional Final
Oregon,2014-15,26,10,7.65,75.4,70.8,None,46,26,6,193,75,238,172,123,258,138,144,63,9,281,Lost Third Round
Oregon,2013-14,24,10,8.05,81.9,74.1,19,96,215,139,106,162,79,23,16,169,273,342,12,71,97,Lost Third Round
Oregon,2012-13,28,9,5.77,71.6,63.6,None,36,47,106,211,173,97,168,103,232,133,180,185,38,226,Lost Regional Semifinal
Oregon State,2015-16,19,13,9.26,71.9,70.1,None,241,265,172,9,15,348,285,297,131,91,45,64,318,15,Lost First Round
Pacific,2012-13,22,13,1.05,67.0,63.9,None,306,266,190,192,243,284,261,311,160,150,19,255,276,186,Lost Second Round
Penn State,2010-11,19,15,11.45,63.1,62.5,None,167,173,113,198,280,187,295,158,5,65,19,344,259,75,Lost Second Round
Pittsburgh,2015-16,21,12,8.75,75.0,67.3,None,99,194,208,267,229,275,59,231,141,124,20,270,186,144,Lost First Round
Pittsburgh,2013-14,26,10,7.54,71.8,61.9,None,20,120,256,28,35,315,45,207,66,12,31,153,126,8,Lost Third Round
Pittsburgh,2012-13,24,9,5.63,69.2,56.0,None,90,141,142,222,132,282,5,39,279,213,307,178,143,122,Lost Second Round
Pittsburgh,2010-11,28,6,7.85,73.9,61.0,5,104,164,160,35,52,50,74,59,233,92,118,312,181,36,Lost Third Round
Princeton,2010-11,25,7,-1.61,69.2,63.0,None,142,94,79,28,108,314,325,291,7,18,81,167,326,1,Lost Second Round
Providence,2015-16,24,11,8.46,73.6,70.1,None,152,295,115,123,129,156,52,99,150,179,175,90,111,141,Lost Second Round
Providence,2014-15,22,12,9.50,69.7,65.5,None,255,161,2,205,95,118,35,68,249,229,193,224,97,166,Lost Second Round
Providence,2013-14,23,12,7.85,73.3,69.8,None,275,295,156,122,16,218,14,90,268,231,171,140,163,125,Lost Second Round
Purdue,2015-16,26,9,7.46,77.9,65.2,23,93,245,217,50,222,180,56,69,265,78,281,216,107,124,Lost First Round
Purdue,2014-15,21,13,7.64,69.9,64.6,None,259,257,267,85,79,242,29,114,194,226,156,251,129,222,Lost Second Round
Purdue,2011-12,22,13,8.05,71.8,66.0,None,112,74,98,75,74,198,124,73,153,264,13,87,70,31,Lost Third Round
Purdue,2010-11,26,8,8.69,72.5,61.9,14,129,265,61,29,246,300,212,87,223,324,33,20,133,30,Lost Third Round
Richmond,2010-11,29,8,2.79,69.6,61.2,None,104,107,136,18,21,267,287,79,327,332,51,30,161,45,Lost Regional Semifinal
Robert Morris,2014-15,20,15,-3.50,69.0,68.5,None,198,35,74,258,137,202,113,98,263,327,210,55,137,228,Lost Second Round
Saint Josephs,2015-16,28,8,4.93,77.2,70.1,None,305,332,347,141,213,56,160,204,135,207,110,244,307,123,Lost Second Round
Saint Josephs,2013-14,24,10,5.08,71.6,67.6,None,142,155,172,88,64,188,222,133,268,91,58,336,178,105,Lost Second Round
Saint Louis,2013-14,27,7,4.24,69.8,61.9,None,101,169,141,96,135,16,252,81,135,273,94,26,150,16,Lost Third Round
Saint Louis,2012-13,28,7,4.28,68.2,58.2,None,108,93,78,84,57,300,199,148,61,178,45,74,153,8,Lost Third Round
Saint Louis,2011-12,26,8,4.06,68.7,57.6,None,164,255,281,183,147,329,306,280,29,132,106,184,298,35,Lost Third Round
Saint Marys Ca,2012-13,28,7,3.31,74.6,62.9,None,28,161,52,157,253,67,129,71,43,40,49,257,34,61,Lost Second Round
Saint Marys Ca,2011-12,27,6,0.78,74.8,62.7,None,6,17,17,227,266,161,182,89,73,117,47,110,15,117,Lost Second Round
Saint Peters,2010-11,20,14,-1.08,60.9,60.1,None,318,269,257,2,37,28,63,185,168,44,294,182,308,18,Lost Second Round
San Diego State,2014-15,27,9,4.24,61.8,53.9,16,216,110,289,8,5,60,16,36,234,273,47,28,200,2,Lost Third Round
San Diego State,2013-14,31,5,4.86,70.3,57.0,None,145,233,212,32,93,86,136,45,139,231,116,186,122,45,Lost Regional Semifinal
San Diego State,2012-13,23,11,6.19,69.3,61.1,20,89,179,133,39,149,162,168,27,78,248,145,168,97,82,Lost Third Round
San Diego State,2011-12,26,8,3.79,71.1,63.7,None,43,151,157,16,43,312,14,12,241,212,87,117,82,7,Lost Second Round
San Diego State,2010-11,34,3,6.36,71.9,59.2,25,26,266,332,46,225,198,41,95,208,25,216,151,138,36,Lost Regional Semifinal
Seton Hall,2015-16,25,9,8.28,74.2,67.8,None,247,146,296,175,11,26,81,228,231,121,104,266,147,213,Lost First Round
South Dakota State,2015-16,26,8,-1.22,76.2,68.1,None,86,37,102,79,143,24,192,25,227,311,161,121,40,135,Lost First Round
South Dakota State,2012-13,25,10,-3.27,73.4,65.7,None,40,20,56,253,95,145,163,74,99,266,28,136,23,162,Lost Second Round
South Dakota State,2011-12,27,8,-1.87,76.8,66.5,None,37,4,65,328,343,220,128,228,99,165,2,197,6,299,Lost Second Round
South Florida,2011-12,22,14,7.29,59.3,56.6,None,280,315,107,140,180,175,78,157,230,77,305,328,308,124,Lost Third Round
Southern California,2015-16,21,13,7.64,80.5,74.6,None,237,237,335,126,111,270,133,142,323,270,285,134,191,290,Lost First Round
Southern California,2010-11,19,15,7.97,66.2,62.7,None,212,323,289,8,82,40,248,225,38,11,157,297,334,5,Lost First Round
Southern,2015-16,22,13,-9.37,72.4,68.7,None,234,307,301,20,10,58,62,55,341,316,311,36,249,91,Lost First Four
Southern,2012-13,23,10,-10.31,67.4,57.3,None,285,287,201,14,108,10,322,141,325,258,168,217,313,86,Lost Second Round
Southern Methodist,2014-15,27,7,3.57,69.1,59.8,22,19,47,232,7,60,149,76,18,314,138,342,13,180,24,Lost Second Round
Southern Mississippi,2011-12,25,9,3.61,71.4,65.1,None,88,67,55,93,249,54,34,120,87,20,42,179,49,94,Lost Second Round
St Bonaventure,2011-12,20,12,2.84,70.4,65.0,None,71,135,150,159,83,261,231,150,167,20,235,312,150,232,Lost Second Round
St Johns Ny,2014-15,21,12,9.04,71.0,67.9,None,158,157,178,52,191,230,141,70,253,299,43,99,111,111,Lost Second Round
St Johns Ny,2010-11,21,12,10.01,70.1,67.0,None,223,205,286,159,269,260,59,122,135,248,86,165,193,121,Lost Second Round
Stanford,2013-14,23,13,9.00,72.7,68.3,None,260,78,35,161,161,324,91,73,119,310,99,139,94,167,Lost Regional Semifinal
Stephen F Austin,2015-16,28,6,-5.47,80.2,63.3,None,7,48,38,219,133,191,50,174,106,33,327,3,11,118,Lost Second Round
Stephen F Austin,2014-15,29,5,-4.20,78.6,64.4,None,69,172,137,263,179,120,23,236,27,83,156,9,51,36,Lost Second Round
Stephen F Austin,2013-14,32,3,-6.76,76.0,63.4,None,29,242,339,7,18,14,164,127,13,28,105,73,237,1,Lost Third Round
Stony Brook,2015-16,26,7,-5.28,76.2,64.1,None,265,225,274,38,177,231,8,28,75,281,210,210,222,27,Lost First Round
Syracuse,2015-16,23,14,9.75,70.0,65.1,None,203,325,284,70,45,254,115,177,199,124,61,110,168,88,Lost National Semifinal
Syracuse,2013-14,28,6,7.25,68.0,59.2,8,132,204,234,3,3,67,1,8,347,338,311,4,98,20,Lost Third Round
Syracuse,2012-13,30,10,8.57,70.4,58.7,9,43,145,149,8,54,93,25,77,344,280,58,6,40,32,Lost National Semifinal
Syracuse,2011-12,34,3,8.02,74.1,61.0,5,21,124,253,13,30,49,46,32,331,149,169,73,59,52,Lost Regional Final
Syracuse,2010-11,27,8,8.79,73.4,63.3,10,1,17,220,27,25,10,76,18,341,82,331,22,7,123,Lost Third Round
Temple,2015-16,21,12,6.57,68.7,67.6,None,338,315,145,28,41,19,17,10,308,351,27,67,214,45,Lost First Round
Temple,2012-13,24,10,5.20,72.2,67.9,None,35,10,81,190,160,233,232,124,198,117,84,185,33,241,Lost Third Round
Temple,2011-12,24,8,4.94,75.0,69.5,None,115,126,152,73,254,262,137,56,123,259,29,147,117,37,Lost Second Round
Temple,2010-11,26,8,4.23,70.6,62.5,22,161,194,172,7,4,225,146,25,125,267,23,271,258,3,Lost Third Round
Tennessee,2013-14,24,13,7.84,72.2,61.7,None,189,275,190,125,80,330,73,102,103,83,155,295,200,89,Lost Regional Semifinal
Tennessee,2010-11,19,15,8.73,69.9,67.5,23,65,258,235,21,14,208,50,23,311,338,296,4,75,87,Lost Second Round
Texas Am,2015-16,28,9,8.45,76.4,66.4,None,83,157,289,57,34,153,111,94,124,95,186,169,164,77,Lost Regional Semifinal
Texas Am,2010-11,24,9,5.94,68.3,60.9,None,146,200,265,68,136,250,102,58,157,278,104,106,113,67,Lost Second Round
Texas,2015-16,20,13,11.71,71.4,68.3,None,184,195,69,4,204,41,39,19,255,49,261,346,177,35,Lost First Round
Texas,2014-15,20,14,9.07,67.4,60.3,10,228,261,268,29,239,135,3,23,295,265,254,190,82,200,Lost Second Round
Texas,2013-14,24,11,9.15,74.2,70.7,None,268,322,278,10,11,209,58,62,336,256,315,150,221,146,Lost Third Round
Texas,2011-12,20,14,8.12,72.6,66.8,None,77,42,285,6,6,133,6,8,311,268,147,112,37,33,Lost Second Round
Texas,2010-11,28,8,7.96,75.0,62.2,None,39,162,325,44,77,156,9,17,311,257,241,45,6,220,Lost Third Round
Texas Southern,2014-15,22,13,-6.09,68.3,68.2,None,75,102,110,251,276,117,108,59,284,149,302,241,52,275,Lost Second Round
Texas Southern,2013-14,19,15,-10.07,76.0,73.9,None,128,92,320,86,70,129,204,166,243,150,37,309,100,132,Lost First Round
Texas Tech,2015-16,19,13,10.25,72.0,69.9,None,299,266,330,161,161,78,111,270,159,69,277,185,317,116,Lost First Round
Texas San Antonio,2010-11,20,14,-4.93,70.1,69.5,None,152,83,7,273,3,138,225,276,35,34,13,254,125,112,Lost Second Round
Tulsa,2015-16,20,12,5.76,73.6,69.6,None,270,273,317,26,152,23,109,43,184,310,114,99,255,39,Lost First Four
Tulsa,2013-14,21,13,1.17,72.7,67.6,None,174,196,250,91,184,98,177,60,188,249,290,179,159,213,Lost Second Round
California Irvine,2014-15,21,13,0.45,67.5,62.1,None,39,131,336,3,109,261,120,6,311,254,284,278,197,38,Lost Second Round
California Santa Barbara,2010-11,18,14,0.12,67.8,65.8,None,131,38,205,92,38,73,330,225,112,85,232,141,203,103,Lost Second Round
Ucla,2014-15,22,14,8.27,71.9,68.1,None,9,46,23,125,184,64,150,14,258,334,110,11,12,187,Lost Regional Semifinal
Ucla,2013-14,28,9,7.62,81.2,70.4,22,82,216,74,160,106,36,111,38,344,335,75,67,31,246,Lost Regional Semifinal
Ucla,2012-13,25,10,7.82,74.4,69.3,13,61,52,253,100,276,222,163,129,84,111,74,140,161,57,Lost Second Round
Ucla,2010-11,23,11,7.93,70.1,66.3,None,33,245,328,269,281,216,289,234,112,65,232,222,224,188,Lost Third Round
California,2015-16,23,11,7.87,74.9,67.3,14,141,96,315,155,144,205,271,43,56,323,45,335,202,192,Lost First Round
California,2012-13,21,12,7.77,67.2,64.3,None,21,83,30,95,105,132,211,67,71,111,102,164,94,45,Lost Third Round
California,2011-12,24,10,4.53,71.1,61.9,24,50,135,162,198,281,151,255,71,123,161,207,214,73,276,Lost First Round
Utah State,2010-11,30,4,0.50,72.0,58.7,None,9,3,10,49,79,280,186,39,69,82,17,279,81,13,Lost Second Round
Utah,2015-16,27,9,8.79,77.2,69.5,16,15,7,131,8,45,124,229,37,173,57,175,185,76,8,Lost Second Round
Utah,2014-15,26,9,7.42,71.3,57.1,25,14,143,33,61,23,62,284,56,112,59,165,142,66,44,Lost Regional Semifinal
Valparaiso,2014-15,28,6,-2.00,69.6,59.4,None,52,64,52,18,105,211,217,47,287,34,347,251,146,99,Lost Second Round
Valparaiso,2012-13,26,8,-1.13,71.2,62.3,None,42,184,92,131,102,151,289,70,145,135,280,255,168,119,Lost Second Round
Vanderbilt,2015-16,19,14,8.68,75.9,67.4,18,31,19,112,73,161,171,187,66,325,75,295,189,89,115,Lost First Four
Vanderbilt,2011-12,25,11,8.04,72.6,65.0,7,67,53,37,60,27,194,150,28,305,184,184,243,30,168,Lost Third Round
Vanderbilt,2010-11,23,11,6.86,75.9,67.7,None,35,67,68,70,153,3,190,74,321,133,201,171,31,191,Lost Second Round
Vermont,2011-12,24,12,-5.19,67.1,60.9,None,110,139,222,10,60,286,87,70,134,32,161,291,225,25,Lost Second Round
Villanova,2015-16,35,5,9.71,78.0,63.6,11,37,25,48,72,23,105,122,53,301,213,97,19,23,42,Won National Final
Villanova,2014-15,33,3,7.55,76.5,60.9,12,98,120,118,37,245,225,122,46,189,218,193,50,32,78,Lost Third Round
Villanova,2013-14,29,5,7.50,78.0,66.5,None,258,222,90,63,308,94,118,62,159,225,334,39,160,131,Lost Third Round
Villanova,2012-13,20,14,8.53,67.9,65.1,None,279,284,22,82,160,279,38,92,248,138,209,282,101,265,Lost Second Round
Villanova,2010-11,21,12,8.23,72.2,65.4,6,59,50,13,62,148,286,47,78,242,123,209,65,4,283,Lost Second Round
Virginia,2015-16,29,8,11.12,71.0,60.1,6,69,134,54,3,29,9,150,42,31,40,7,289,223,1,Lost Regional Final
Virginia,2014-15,30,4,7.81,65.4,51.5,9,117,72,262,9,71,21,103,23,91,176,85,146,287,1,Lost Third Round
Virginia,2013-14,30,7,7.86,66.2,55.7,24,55,17,132,16,55,213,281,83,75,177,75,133,257,5,Lost Regional Semifinal
Virginia,2011-12,22,10,4.23,62.5,54.2,None,286,20,177,207,274,121,319,253,13,212,7,294,310,36,Lost Second Round
Virginia Commonwealth,2015-16,25,11,4.35,77.3,67.8,None,259,175,293,198,195,168,23,77,241,350,101,5,54,148,Lost Second Round
Virginia Commonwealth,2014-15,26,10,6.10,72.5,65.8,15,284,154,261,156,19,39,10,90,229,344,260,1,68,54,Lost Second Round
Virginia Commonwealth,2013-14,26,9,4.78,75.0,65.2,14,84,110,157,249,130,114,9,179,290,318,139,2,14,121,Lost Second Round
Virginia Commonwealth,2012-13,27,9,4.47,76.9,64.5,None,284,217,202,135,78,170,40,148,279,336,98,1,177,19,Lost Third Round
Virginia Commonwealth,2011-12,29,7,0.63,68.0,59.8,None,180,58,97,228,137,99,50,46,343,345,217,9,93,138,Lost Third Round
Virginia Commonwealth,2010-11,28,12,3.78,71.6,66.8,None,47,72,118,161,24,80,28,44,319,273,188,42,38,127,Lost National Semifinal
Washington,2010-11,24,11,7.74,83.1,70.7,18,74,199,73,115,74,147,20,30,291,298,232,10,18,218,Lost Third Round
Weber State,2015-16,26,9,-5.13,76.1,67.0,None,238,109,21,268,256,294,297,251,84,49,166,320,189,216,Lost First Round
Weber State,2013-14,19,12,-4.23,72.7,66.5,None,1,1,86,54,2,331,218,4,139,170,241,209,22,50,Lost Second Round
West Virginia,2015-16,26,9,9.78,78.5,66.7,None,293,291,277,328,288,162,1,272,99,328,299,1,52,174,Lost First Round
West Virginia,2014-15,25,10,9.29,72.6,66.8,None,192,44,96,231,186,68,98,159,258,293,11,130,36,266,Lost Regional Semifinal
West Virginia,2011-12,19,14,7.53,71.1,66.5,None,212,201,105,63,4,189,15,167,302,69,79,273,143,79,Lost Second Round
West Virginia,2010-11,21,12,11.03,69.8,64.7,None,196,193,120,92,84,126,1,34,285,286,207,54,94,52,Lost Third Round
Western Kentucky,2012-13,20,16,-1.14,66.9,65.7,None,328,312,195,180,99,298,31,75,282,334,333,63,246,207,Lost Second Round
Western Kentucky,2011-12,16,19,0.51,64.9,68.1,None,168,295,309,209,274,20,50,163,307,192,268,139,132,254,Lost Second Round
Western Michigan,2013-14,23,10,-1.45,71.9,67.7,None,179,257,149,71,217,219,60,49,179,142,323,134,185,106,Lost Second Round
Wichita State,2015-16,26,9,4.24,72.4,59.0,10,109,116,139,52,230,176,49,82,85,220,13,52,99,10,Lost Second Round
Wichita State,2014-15,30,5,3.68,70.3,57.4,11,77,146,80,11,29,7,51,9,137,202,98,98,65,9,Lost Regional Semifinal
Wichita State,2013-14,35,1,1.74,75.2,59.5,16,126,175,163,35,90,286,4,6,185,304,310,49,113,46,Lost Third Round
Wichita State,2012-13,30,9,6.09,69.7,61.2,None,15,57,24,19,32,162,179,27,82,97,89,199,19,54,Lost National Semifinal
Wichita State,2011-12,27,6,3.80,77.1,62.4,None,31,115,34,51,156,196,56,7,69,197,240,146,69,26,Lost Second Round
Wisconsin,2015-16,22,13,9.40,67.8,63.8,17,20,81,11,171,315,277,101,11,65,288,2,258,53,12,Lost Regional Semifinal
Wisconsin,2014-15,36,4,10.29,72.5,58.2,3,86,57,26,132,162,304,217,21,176,330,7,253,91,40,Lost National Final
Wisconsin,2013-14,30,8,10.19,73.5,64.0,20,240,227,323,33,8,147,80,41,93,308,11,252,234,7,Lost National Semifinal
Wisconsin,2012-13,23,12,9.73,65.0,55.9,23,219,66,37,15,10,118,195,52,113,255,3,267,261,1,Lost Second Round
Wisconsin,2011-12,26,10,8.24,64.0,53.2,15,136,49,1,153,310,343,194,208,10,138,1,337,200,4,Lost Regional Semifinal
Wisconsin,2010-11,25,9,9.42,67.9,58.6,None,123,101,37,136,185,180,267,196,6,148,1,269,215,4,Lost Regional Semifinal
Wofford,2014-15,28,7,-2.98,66.6,59.7,None,142,100,285,206,58,71,180,229,18,165,39,121,277,23,Lost Second Round
Wofford,2013-14,20,13,-5.95,66.8,62.2,None,328,300,69,161,44,231,291,241,8,253,123,116,336,23,Lost Second Round
Wofford,2010-11,21,13,-1.21,73.6,68.0,None,145,136,241,94,32,103,96,69,121,263,101,84,176,27,Lost Second Round
Wyoming,2014-15,25,10,-0.04,61.5,56.4,None,36,140,121,43,48,257,351,164,170,122,34,302,311,17,Lost Second Round
Xavier,2015-16,28,6,8.43,80.5,70.4,None,26,136,50,202,198,85,139,23,184,276,285,52,44,196,Lost Second Round
Xavier,2014-15,23,14,9.48,73.3,67.4,None,44,160,207,146,240,36,122,81,127,109,239,227,143,119,Lost Regional Semifinal
Xavier,2013-14,21,13,8.14,71.8,68.1,None,59,116,260,67,86,122,233,163,60,14,99,298,229,66,Lost First Round
Xavier,2011-12,23,13,6.22,70.6,67.3,14,48,241,30,44,162,330,246,104,48,44,55,250,80,76,Lost Regional Semifinal
Xavier,2010-11,24,8,4.41,72.1,64.6,None,48,40,104,65,15,33,41,8,283,299,209,158,11,203,Lost Second Round
Yale,2015-16,23,7,-1.03,74.9,63.8,None,115,70,104,102,33,83,144,147,70,16,172,230,219,13,Lost Second Round
